"档位","net","gf","ga","og","poss","shots","交接每秒","不朝球pct","犹豫pct","未识别","Dnet","Dog","Dswap","Dloose"
"基线(默认)","2.2","2.992","0.792","0.643","36.77","93","0.53","47.4","44.2","0","0","0","0","0"
"A1 近距油门帽 20→30","2.2","2.992","0.792","0.643","36.77","93","0.53","47.4","44.2","0","0","0","0","0"
"A2 近距门限 12→18","2.192","2.983","0.792","0.643","36.83","93","0.53","47.4","44.2","0","-0.008","0","0","0"
"A3 防守迎球 6/12→10/20","2.2","2.992","0.792","0.643","36.77","93","0.53","47.4","44.2","0","0","0","0","0"
"A4 蜂群横偏 6.5→10,后撤11→8","2.058","2.8","0.742","0.56","37.21","92.7","0.533","47.2","43.9","0","-0.142","-0.083","0.003","-0.2"
"A5 接球提前量 6→4,到位8→12","2.2","2.992","0.792","0.643","36.77","93","0.53","47.4","44.2","0","0","0","0","0"
"A6 A1+A2+A3 合并","2.192","2.983","0.792","0.643","36.83","93","0.53","47.4","44.2","0","-0.008","0","0","0"
"B1 远射开口 9.0→5.0","2.325","2.858","0.533","0.44","36.43","89.4","0.533","48","44.9","0","0.125","-0.203","0.003","0.6"
"B2 传球阻挡阈值 7.4→4.0","2.108","2.883","0.775","0.597","36.67","92.8","0.537","47.6","44.7","0","-0.092","-0.046","0.007","0.2"
"B3 接球晚到容差 5→10帧","2.175","2.95","0.775","0.57","36.72","92","0.53","47.6","44.7","0","-0.025","-0.073","0","0.2"
"B4 射门朝向容差 13.2→25","2.2","3","0.8","0.64","36.68","93.7","0.53","47.5","44.4","0","0","-0.003","0","0.1"
"B5 B1+B2+B3 合并","2.2","2.842","0.642","0.473","36.47","90.2","0.537","47.4","45","0","0","-0.17","0.007","0"
"C1 威胁降档滞回 10→5","2.275","2.983","0.708","0.583","36.57","96","0.527","47.5","44.3","0","0.075","-0.06","-0.003","0.1"
"C2 状态滞回 3→2","2.35","3.042","0.692","0.53","37.56","90","0.53","47.4","44.4","0","0.15","-0.113","0","0"
"C3 反击窗口 30→60","2.183","2.917","0.733","0.633","36.68","94.7","0.53","48.9","45.5","0","-0.017","-0.01","0","1.5"
"C4 主动截球 关→开","2.2","2.992","0.792","0.643","36.77","93","0.53","47.4","44.2","0","0","0","0","0"
"C5 断球可达余量 1.04→1.20","2.192","2.958","0.767","0.617","36.79","92.6","0.53","47.5","44.3","0","-0.008","-0.026","0","0.1"
"C6 C1+C2+C3+C4 合并","1.983","2.75","0.767","0.61","36.69","87","0.527","48.1","44.7","0","-0.217","-0.033","-0.003","0.7"
"AB 全合并(不含C4)","1.875","2.725","0.85","0.647","37.09","96.7","0.54","47.3","44.9","0","-0.325","0.004","0.01","-0.1"
