"档位","net","ga","乌龙","poss","交接每秒","不朝球","犹豫","未识别","Dnet","D乌龙","D不朝球","D犹豫"
"基线(默认)","2.2","0.792","0.643","36.8","0.53","47.4","44.2","0","0","0","0","0"
"L1 PASSIVE上抢 130->170","2.067","0.883","0.733","36.8","0.537","47.5","43.2","0","-0.133","0.09","0.1","-1"
"L2 PASSIVE上抢 130->220","2.183","0.65","0.49","37.5","0.537","46.9","43.9","0","-0.017","-0.153","-0.5","-0.3"
"L3 散球逼抢半径 250->400","2.2","0.792","0.643","36.8","0.53","47.4","44.2","0","0","0","0","0"
"L4 散球无对手阈值 40->60","2.2","0.792","0.643","36.8","0.53","47.4","44.2","0","0","0","0","0"
"L5 争抢态判定 20->30","2.233","0.758","0.65","36.7","0.533","47","44.4","0","0.033","0.007","-0.4","0.2"
"L6 争抢更敢冲 -0.2->-0.5","2.192","0.85","0.677","37.2","0.527","47.5","44.2","0","-0.008","0.034","0.1","0"
"L7 争抢可达 60->90","1.942","0.758","0.617","37.9","0.533","47.8","44.5","0","-0.258","-0.026","0.4","0.3"
"L8 抢断距离 60->90","2.2","0.792","0.643","36.8","0.53","47.4","44.2","0","0","0","0","0"
"L9  L1+L3+L5","2.325","0.675","0.53","37.4","0.533","47.2","44.2","0","0.125","-0.113","-0.2","0"
"L10 L1+L3+L4+L5+L7","2.325","0.767","0.65","37.7","0.527","46.9","44.9","0","0.125","0.007","-0.5","0.7"
"L11 L10+争抢更敢冲","2.142","0.708","0.55","38","0.533","46.9","44.3","0","-0.058","-0.093","-0.5","0.1"
